timestamp,month,day,cakeName,cakeWord,description,note
,1,1,フラン・パティシエ,しなやかな変化,"自分のペースを大切にするあなた。
素材の個性を丁寧に重ねたフラン・パティシエは、しなやかな変化をそっと思い出させてくれる一品です！",
,1,2,タルト・シトロン,深い共感力,"周りに安心感を届けるあなた。
素材の個性を丁寧に重ねたタルト・シトロンは、深い共感力をそっと思い出させてくれる一品です！",
,1,3,ノワゼットダックワーズ,知的な探求心,"一歩ずつ形にしていくあなた。
素材の個性を丁寧に重ねたノワゼットダックワーズは、知的な探求心をそっと思い出させてくれる一品です！",
,1,4,タルト・オ・フレーズ,誠実なまなざし,"静かな強さを持つあなた。
素材の個性を丁寧に重ねたタルト・オ・フレーズは、誠実なまなざしをそっと思い出させてくれる一品です！",
,1,5,サフランミルクケーキ,柔らかな包容力,"まっすぐな思いを抱くあなた。
香りと食感の変化が楽しいサフランミルクケーキは、柔らかな包容力をそっと思い出させてくれる一品です！",
,1,6,タルト・オ・ポム,頼れる安定感,"小さな変化にも気づけるあなた。
素材の個性を丁寧に重ねたタルト・オ・ポムは、頼れる安定感をそっと思い出させてくれる一品です！",
,1,7,ピスタチオマロンオペラ,秘めた情熱,"自分のペースを大切にするあなた。
素材の個性を丁寧に重ねたピスタチオマロンオペラは、秘めた情熱をそっと思い出させてくれる一品です！",
,1,8,タルト・ブルダルー,隠れた遊び心,"周りに安心感を届けるあなた。
素材の個性を丁寧に重ねたタルト・ブルダルーは、隠れた遊び心をそっと思い出させてくれる一品です！",
,1,9,デーツローフ,芯の強さ,"一歩ずつ形にしていくあなた。
素朴さの中に奥行きがあるデーツローフは、芯の強さをそっと思い出させてくれる一品です！",
,1,10,ムース・オ・ショコラケーキ,しなやかな変化,"静かな強さを持つあなた。
素材の個性を丁寧に重ねたムース・オ・ショコラケーキは、しなやかな変化をそっと思い出させてくれる一品です！",
,1,11,セサミハニーケーキ,深い共感力,"まっすぐな思いを抱くあなた。
香りと食感の変化が楽しいセサミハニーケーキは、深い共感力をそっと思い出させてくれる一品です！",
,1,12,ババ・オ・ラム,知的な探求心,"小さな変化にも気づけるあなた。
素材の個性を丁寧に重ねたババ・オ・ラムは、知的な探求心をそっと思い出させてくれる一品です！",
,1,13,デーツセモリナケーキ,誠実なまなざし,"自分のペースを大切にするあなた。
小さな驚きを忍ばせたデーツセモリナケーキは、誠実なまなざしをそっと思い出させてくれる一品です！",
,1,14,サヴァラン,柔らかな包容力,"周りに安心感を届けるあなた。
素材の個性を丁寧に重ねたサヴァランは、柔らかな包容力をそっと思い出させてくれる一品です！",
,1,15,ココナッツドロップケーキ,頼れる安定感,"一歩ずつ形にしていくあなた。
素朴さの中に奥行きがあるココナッツドロップケーキは、頼れる安定感をそっと思い出させてくれる一品です！",
,1,16,ポン・ヌフ,秘めた情熱,"静かな強さを持つあなた。
素材の個性を丁寧に重ねたポン・ヌフは、秘めた情熱をそっと思い出させてくれる一品です！",
,1,17,カルダモンミルクタルト,隠れた遊び心,"まっすぐな思いを抱くあなた。
香りと食感の変化が楽しいカルダモンミルクタルトは、隠れた遊び心をそっと思い出させてくれる一品です！",
,1,18,ピュイ・ダムール,芯の強さ,"小さな変化にも気づけるあなた。
素材の個性を丁寧に重ねたピュイ・ダムールは、芯の強さをそっと思い出させてくれる一品です！",
,1,19,ミルクティープラムケーキ,しなやかな変化,"自分のペースを大切にするあなた。
素材の個性を丁寧に重ねたミルクティープラムケーキは、しなやかな変化をそっと思い出させてくれる一品です！",
,1,20,コンベルサシオン,深い共感力,"周りに安心感を届けるあなた。
素材の個性を丁寧に重ねたコンベルサシオンは、深い共感力をそっと思い出させてくれる一品です！",
,1,21,ブルーベリーサブレケーキ,知的な探求心,"一歩ずつ形にしていくあなた。
素材の個性を丁寧に重ねたブルーベリーサブレケーキは、知的な探求心をそっと思い出させてくれる一品です！",
,1,22,パリジャンフラン,誠実なまなざし,"静かな強さを持つあなた。
素材の個性を丁寧に重ねたパリジャンフランは、誠実なまなざしをそっと思い出させてくれる一品です！",
,1,23,カシューナッツトルテ,柔らかな包容力,"まっすぐな思いを抱くあなた。
香りと食感の変化が楽しいカシューナッツトルテは、柔らかな包容力をそっと思い出させてくれる一品です！",
,1,24,ガトー・ナンテ,頼れる安定感,"小さな変化にも気づけるあなた。
素材の個性を丁寧に重ねたガトー・ナンテは、頼れる安定感をそっと思い出させてくれる一品です！",
,1,25,ミルクタルト,秘めた情熱,"自分のペースを大切にするあなた。
小さな驚きを忍ばせたミルクタルトは、秘めた情熱をそっと思い出させてくれる一品です！",
,1,26,ガトー・ブルトン,隠れた遊び心,"周りに安心感を届けるあなた。
素材の個性を丁寧に重ねたガトー・ブルトンは、隠れた遊び心をそっと思い出させてくれる一品です！",
,1,27,ココナッツピーチシャルロット,芯の強さ,"一歩ずつ形にしていくあなた。
素材の個性を丁寧に重ねたココナッツピーチシャルロットは、芯の強さをそっと思い出させてくれる一品です！",
,1,28,ガトー・オ・ノワ,しなやかな変化,"静かな強さを持つあなた。
素材の個性を丁寧に重ねたガトー・オ・ノワは、しなやかな変化をそっと思い出させてくれる一品です！",
,1,29,マンゴーココナッツタルト,深い共感力,"まっすぐな思いを抱くあなた。
香りと食感の変化が楽しいマンゴーココナッツタルトは、深い共感力をそっと思い出させてくれる一品です！",
,1,30,ガトー・マルブレ,知的な探求心,"小さな変化にも気づけるあなた。
素材の個性を丁寧に重ねたガトー・マルブレは、知的な探求心をそっと思い出させてくれる一品です！",
,1,31,ミルクティーチョコスフレ,誠実なまなざし,"自分のペースを大切にするあなた。
素材の個性を丁寧に重ねたミルクティーチョコスフレは、誠実なまなざしをそっと思い出させてくれる一品です！",
,2,1,ガトー・インビジブル,秘めた情熱,"まっすぐな思いを抱くあなた。
素材の個性を丁寧に重ねたガトー・インビジブルは、秘めた情熱をそっと思い出させてくれる一品です！",
,2,2,マームールケーキ,隠れた遊び心,"小さな変化にも気づけるあなた。
小さな驚きを忍ばせたマームールケーキは、隠れた遊び心をそっと思い出させてくれる一品です！",
,2,3,ガトー・モカ,芯の強さ,"自分のペースを大切にするあなた。
素材の個性を丁寧に重ねたガトー・モカは、芯の強さをそっと思い出させてくれる一品です！",
,2,4,ピスタチオローズケーキ,しなやかな変化,"周りに安心感を届けるあなた。
素朴さの中に奥行きがあるピスタチオローズケーキは、しなやかな変化をそっと思い出させてくれる一品です！",
,2,5,カンノーロケーキ,深い共感力,"一歩ずつ形にしていくあなた。
素材の個性を丁寧に重ねたカンノーロケーキは、深い共感力をそっと思い出させてくれる一品です！",
,2,6,マルヴァプディングケーキ,知的な探求心,"静かな強さを持つあなた。
香りと食感の変化が楽しいマルヴァプディングケーキは、知的な探求心をそっと思い出させてくれる一品です！",
,2,7,ビスコッティチーズケーキ,誠実なまなざし,"まっすぐな思いを抱くあなた。
素材の個性を丁寧に重ねたビスコッティチーズケーキは、誠実なまなざしをそっと思い出させてくれる一品です！",
,2,8,アマルーラケーキ,柔らかな包容力,"小さな変化にも気づけるあなた。
小さな驚きを忍ばせたアマルーラケーキは、柔らかな包容力をそっと思い出させてくれる一品です！",
,2,9,ザバイオーネケーキ,頼れる安定感,"自分のペースを大切にするあなた。
素材の個性を丁寧に重ねたザバイオーネケーキは、頼れる安定感をそっと思い出させてくれる一品です！",
,2,10,バナナブレッドケーキ,秘めた情熱,"周りに安心感を届けるあなた。
素朴さの中に奥行きがあるバナナブレッドケーキは、秘めた情熱をそっと思い出させてくれる一品です！",
,2,11,マスカルポーネロール,隠れた遊び心,"一歩ずつ形にしていくあなた。
素材の個性を丁寧に重ねたマスカルポーネロールは、隠れた遊び心をそっと思い出させてくれる一品です！",
,2,12,タマリンドケーキ,芯の強さ,"静かな強さを持つあなた。
香りと食感の変化が楽しいタマリンドケーキは、芯の強さをそっと思い出させてくれる一品です！",
,2,13,カーディナルシュニッテン,しなやかな変化,"まっすぐな思いを抱くあなた。
素材の個性を丁寧に重ねたカーディナルシュニッテンは、しなやかな変化をそっと思い出させてくれる一品です！",
,2,14,ハイビスカスムース,深い共感力,"小さな変化にも気づけるあなた。
小さな驚きを忍ばせたハイビスカスムースは、深い共感力をそっと思い出させてくれる一品です！",
,2,15,イシュラー・トルテ,知的な探求心,"自分のペースを大切にするあなた。
素材の個性を丁寧に重ねたイシュラー・トルテは、知的な探求心をそっと思い出させてくれる一品です！",
,2,16,コーヒーセモリナケーキ,誠実なまなざし,"周りに安心感を届けるあなた。
素朴さの中に奥行きがあるコーヒーセモリナケーキは、誠実なまなざしをそっと思い出させてくれる一品です！",
,2,17,ポピーシードロールケーキ,柔らかな包容力,"一歩ずつ形にしていくあなた。
素材の個性を丁寧に重ねたポピーシードロールケーキは、柔らかな包容力をそっと思い出させてくれる一品です！",
,2,18,ピーナッツバターケーキ,頼れる安定感,"静かな強さを持つあなた。
香りと食感の変化が楽しいピーナッツバターケーキは、頼れる安定感をそっと思い出させてくれる一品です！",
,2,19,プラムシュトロイゼル,秘めた情熱,"まっすぐな思いを抱くあなた。
素材の個性を丁寧に重ねたプラムシュトロイゼルは、秘めた情熱をそっと思い出させてくれる一品です！",
,2,20,水面いちじくレイヤーケーキ,隠れた遊び心,"小さな変化にも気づけるあなた。
小さな驚きを忍ばせた水面いちじくレイヤーケーキは、隠れた遊び心をそっと思い出させてくれる一品です！",
,2,21,ハーゼルヌストルテ,芯の強さ,"自分のペースを大切にするあなた。
素材の個性を丁寧に重ねたハーゼルヌストルテは、芯の強さをそっと思い出させてくれる一品です！",
,2,22,クヴァルクトルテ,しなやかな変化,"周りに安心感を届けるあなた。
素材の個性を丁寧に重ねたクヴァルクトルテは、しなやかな変化をそっと思い出させてくれる一品です！",
,2,23,デンマークドリームケーキ,深い共感力,"一歩ずつ形にしていくあなた。
素材の個性を丁寧に重ねたデンマークドリームケーキは、深い共感力をそっと思い出させてくれる一品です！",
,2,24,春雷パンプキンキャラメルサンド,知的な探求心,"静かな強さを持つあなた。
香りと食感の変化が楽しい春雷パンプキンキャラメルサンドは、知的な探求心をそっと思い出させてくれる一品です！",
,2,25,クリングルケーキ,誠実なまなざし,"まっすぐな思いを抱くあなた。
素材の個性を丁寧に重ねたクリングルケーキは、誠実なまなざしをそっと思い出させてくれる一品です！",
,2,26,コーヒーウォルナットケーキ,柔らかな包容力,"小さな変化にも気づけるあなた。
素材の個性を丁寧に重ねたコーヒーウォルナットケーキは、柔らかな包容力をそっと思い出させてくれる一品です！",
,2,27,スティッキートフィープディングケーキ,頼れる安定感,"自分のペースを大切にするあなた。
素材の個性を丁寧に重ねたスティッキートフィープディングケーキは、頼れる安定感をそっと思い出させてくれる一品です！",
,2,28,アップルシャーロット,秘めた情熱,"周りに安心感を届けるあなた。
素材の個性を丁寧に重ねたアップルシャーロットは、秘めた情熱をそっと思い出させてくれる一品です！",
,3,1,ブラックボトムパイ,温かな家庭,"新しい景色を楽しめるあなた。
素材の個性を丁寧に重ねたブラックボトムパイは、温かな家庭をそっと思い出させてくれる一品です！",
,3,2,薄明蜂蜜クリームパイ,軽やかな社交性,"好きなものを深く味わえるあなた。
素材の個性を丁寧に重ねた薄明蜂蜜クリームパイは、軽やかな社交性をそっと思い出させてくれる一品です！",
,3,3,フロリダオレンジケーキ,小さな幸せを見つける力,"明るい空気をつくれるあなた。
素材の個性を丁寧に重ねたフロリダオレンジケーキは、小さな幸せを見つける力をそっと思い出させてくれる一品です！",
,3,4,翡翠林キャラメルチーズテリーヌ,凛とした自立心,"ひらめきを大切にできるあなた。
余韻までゆっくり楽しめる翡翠林キャラメルチーズテリーヌは、凛とした自立心をそっと思い出させてくれる一品です！",
,3,5,コーンミールケーキ,太陽の祝福,"自然体で進めるあなた。
素材の個性を丁寧に重ねたコーンミールケーキは、太陽の祝福をそっと思い出させてくれる一品です！",
,3,6,霞桜コーヒー洋梨タルト,優雅な余韻,"人の気持ちを丁寧に受け取れるあなた。
ひと口ごとに表情が変わる霞桜コーヒー洋梨タルトは、優雅な余韻をそっと思い出させてくれる一品です！",
,3,7,ブラウニーケーキ,冴えた直感,"新しい景色を楽しめるあなた。
素材の個性を丁寧に重ねたブラウニーケーキは、冴えた直感をそっと思い出させてくれる一品です！",
,3,8,水面チョコレートクグロフ,夢を形にする力,"好きなものを深く味わえるあなた。
素材の個性を丁寧に重ねた水面チョコレートクグロフは、夢を形にする力をそっと思い出させてくれる一品です！",
,3,9,ブルーベリーバックル,春の訪れ,"明るい空気をつくれるあなた。
素材の個性を丁寧に重ねたブルーベリーバックルは、春の訪れをそっと思い出させてくれる一品です！",
,3,10,チェリーコブラーケーキ,温かな家庭,"ひらめきを大切にできるあなた。
素材の個性を丁寧に重ねたチェリーコブラーケーキは、温かな家庭をそっと思い出させてくれる一品です！",
,3,11,ピーチコブラーケーキ,軽やかな社交性,"自然体で進めるあなた。
素材の個性を丁寧に重ねたピーチコブラーケーキは、軽やかな社交性をそっと思い出させてくれる一品です！",
,3,12,苺ミントムース,小さな幸せを見つける力,"人の気持ちを丁寧に受け取れるあなた。
素材の個性を丁寧に重ねた苺ミントムースは、小さな幸せを見つける力をそっと思い出させてくれる一品です！",
,3,13,チョコフラン,凛とした自立心,"新しい景色を楽しめるあなた。
素材の個性を丁寧に重ねたチョコフランは、凛とした自立心をそっと思い出させてくれる一品です！",
,3,14,ストロベリーショートケーキ,太陽の祝福,"好きなものを深く味わえるあなた。
素材の個性を丁寧に重ねたストロベリーショートケーキは、太陽の祝福をそっと思い出させてくれる一品です！",
,3,15,カヘータチーズケーキ,優雅な余韻,"明るい空気をつくれるあなた。
素材の個性を丁寧に重ねたカヘータチーズケーキは、優雅な余韻をそっと思い出させてくれる一品です！",
,3,16,フレジエ,冴えた直感,"ひらめきを大切にできるあなた。
余韻までゆっくり楽しめるフレジエは、冴えた直感をそっと思い出させてくれる一品です！",
,3,17,カボチャトレスレチェス,夢を形にする力,"自然体で進めるあなた。
素材の個性を丁寧に重ねたカボチャトレスレチェスは、夢を形にする力をそっと思い出させてくれる一品です！",
,3,18,フォレノワール,春の訪れ,"人の気持ちを丁寧に受け取れるあなた。
ひと口ごとに表情が変わるフォレノワールは、春の訪れをそっと思い出させてくれる一品です！",
,3,19,パッションフルーツムースケーキ,温かな家庭,"新しい景色を楽しめるあなた。
素材の個性を丁寧に重ねたパッションフルーツムースケーキは、温かな家庭をそっと思い出させてくれる一品です！",
,3,20,オペラ,軽やかな社交性,"好きなものを深く味わえるあなた。
素材の個性を丁寧に重ねたオペラは、軽やかな社交性をそっと思い出させてくれる一品です！",
,3,21,小豆シフォン,小さな幸せを見つける力,"明るい空気をつくれるあなた。
素材の個性を丁寧に重ねた小豆シフォンは、小さな幸せを見つける力をそっと思い出させてくれる一品です！",
,3,22,サントノーレ,凛とした自立心,"ひらめきを大切にできるあなた。
余韻までゆっくり楽しめるサントノーレは、凛とした自立心をそっと思い出させてくれる一品です！",
,3,23,黒豆パウンドケーキ,太陽の祝福,"自然体で進めるあなた。
素材の個性を丁寧に重ねた黒豆パウンドケーキは、太陽の祝福をそっと思い出させてくれる一品です！",
,3,24,パリブレスト,優雅な余韻,"人の気持ちを丁寧に受け取れるあなた。
ひと口ごとに表情が変わるパリブレストは、優雅な余韻をそっと思い出させてくれる一品です！",
,3,25,きなこロール,冴えた直感,"新しい景色を楽しめるあなた。
素材の個性を丁寧に重ねたきなこロールは、冴えた直感をそっと思い出させてくれる一品です！",
,3,26,ミルフィーユ,夢を形にする力,"好きなものを深く味わえるあなた。
素材の個性を丁寧に重ねたミルフィーユは、夢を形にする力をそっと思い出させてくれる一品です！",
,3,27,柚子タルト,春の訪れ,"明るい空気をつくれるあなた。
素材の個性を丁寧に重ねた柚子タルトは、春の訪れをそっと思い出させてくれる一品です！",
,3,28,ルリジューズ,温かな家庭,"ひらめきを大切にできるあなた。
余韻までゆっくり楽しめるルリジューズは、温かな家庭をそっと思い出させてくれる一品です！",
,3,29,玄米茶チーズケーキ,軽やかな社交性,"自然体で進めるあなた。
素材の個性を丁寧に重ねた玄米茶チーズケーキは、軽やかな社交性をそっと思い出させてくれる一品です！",
,3,30,シャルロット・オ・ポワール,小さな幸せを見つける力,"人の気持ちを丁寧に受け取れるあなた。
ひと口ごとに表情が変わるシャルロット・オ・ポワールは、小さな幸せを見つける力をそっと思い出させてくれる一品です！",
,3,31,紫芋モンブラン,凛とした自立心,"新しい景色を楽しめるあなた。
素材の個性を丁寧に重ねた紫芋モンブランは、凛とした自立心をそっと思い出させてくれる一品です！",
,4,1,シャルロット・オ・フレーズ,冴えた直感,"自然体で進めるあなた。
ひと口ごとに表情が変わるシャルロット・オ・フレーズは、冴えた直感をそっと思い出させてくれる一品です！",
,4,2,ほうじ茶テリーヌ,夢を形にする力,"人の気持ちを丁寧に受け取れるあなた。
素材の個性を丁寧に重ねたほうじ茶テリーヌは、夢を形にする力をそっと思い出させてくれる一品です！",
,4,3,ブッシュ・ド・ノエル,春の訪れ,"新しい景色を楽しめるあなた。
素材の個性を丁寧に重ねたブッシュ・ド・ノエルは、春の訪れをそっと思い出させてくれる一品です！",
,4,4,和栗タルト,温かな家庭,"好きなものを深く味わえるあなた。
素材の個性を丁寧に重ねた和栗タルトは、温かな家庭をそっと思い出させてくれる一品です！",
,4,5,ガレット・デ・ロワ,軽やかな社交性,"明るい空気をつくれるあなた。
余韻までゆっくり楽しめるガレット・デ・ロワは、軽やかな社交性をそっと思い出させてくれる一品です！",
,4,6,パンダンロール,小さな幸せを見つける力,"ひらめきを大切にできるあなた。
素材の個性を丁寧に重ねたパンダンロールは、小さな幸せを見つける力をそっと思い出させてくれる一品です！",
,4,7,クグロフ,凛とした自立心,"自然体で進めるあなた。
ひと口ごとに表情が変わるクグロフは、凛とした自立心をそっと思い出させてくれる一品です！",
,4,8,カヤチーズケーキ,太陽の祝福,"人の気持ちを丁寧に受け取れるあなた。
素材の個性を丁寧に重ねたカヤチーズケーキは、太陽の祝福をそっと思い出させてくれる一品です！",
,4,9,ファーブルトン,優雅な余韻,"新しい景色を楽しめるあなた。
素材の個性を丁寧に重ねたファーブルトンは、優雅な余韻をそっと思い出させてくれる一品です！",
,4,10,タピオカミルクティーケーキ,冴えた直感,"好きなものを深く味わえるあなた。
素材の個性を丁寧に重ねたタピオカミルクティーケーキは、冴えた直感をそっと思い出させてくれる一品です！",
,4,11,ガトーバスク,夢を形にする力,"明るい空気をつくれるあなた。
余韻までゆっくり楽しめるガトーバスクは、夢を形にする力をそっと思い出させてくれる一品です！",
,4,12,マンゴースティッキーライスケーキ,春の訪れ,"ひらめきを大切にできるあなた。
素材の個性を丁寧に重ねたマンゴースティッキーライスケーキは、春の訪れをそっと思い出させてくれる一品です！",
,4,13,タルト・タタン,温かな家庭,"自然体で進めるあなた。
ひと口ごとに表情が変わるタルト・タタンは、温かな家庭をそっと思い出させてくれる一品です！",
,4,14,ローズウォーターセモリナケーキ,軽やかな社交性,"人の気持ちを丁寧に受け取れるあなた。
素材の個性を丁寧に重ねたローズウォーターセモリナケーキは、軽やかな社交性をそっと思い出させてくれる一品です！",
,4,15,シブースト,小さな幸せを見つける力,"新しい景色を楽しめるあなた。
素材の個性を丁寧に重ねたシブーストは、小さな幸せを見つける力をそっと思い出させてくれる一品です！",
,4,16,オレンジブロッサムバスブーサ,凛とした自立心,"好きなものを深く味わえるあなた。
素材の個性を丁寧に重ねたオレンジブロッサムバスブーサは、凛とした自立心をそっと思い出させてくれる一品です！",
,4,17,ダックワーズ,太陽の祝福,"明るい空気をつくれるあなた。
余韻までゆっくり楽しめるダックワーズは、太陽の祝福をそっと思い出させてくれる一品です！",
,4,18,カルダモンデーツケーキ,優雅な余韻,"ひらめきを大切にできるあなた。
素材の個性を丁寧に重ねたカルダモンデーツケーキは、優雅な余韻をそっと思い出させてくれる一品です！",
,4,19,クロカンブッシュ,冴えた直感,"自然体で進めるあなた。
ひと口ごとに表情が変わるクロカンブッシュは、冴えた直感をそっと思い出させてくれる一品です！",
,4,20,タヒニブラウニーケーキ,夢を形にする力,"人の気持ちを丁寧に受け取れるあなた。
素材の個性を丁寧に重ねたタヒニブラウニーケーキは、夢を形にする力をそっと思い出させてくれる一品です！",
,4,21,モンブラン,春の訪れ,"新しい景色を楽しめるあなた。
素材の個性を丁寧に重ねたモンブランは、春の訪れをそっと思い出させてくれる一品です！",
,4,22,ルイボスハニーケーキ,温かな家庭,"好きなものを深く味わえるあなた。
素材の個性を丁寧に重ねたルイボスハニーケーキは、温かな家庭をそっと思い出させてくれる一品です！",
,4,23,クラフティ,軽やかな社交性,"明るい空気をつくれるあなた。
余韻までゆっくり楽しめるクラフティは、軽やかな社交性をそっと思い出させてくれる一品です！",
,4,24,バオバブレモンケーキ,小さな幸せを見つける力,"ひらめきを大切にできるあなた。
素材の個性を丁寧に重ねたバオバブレモンケーキは、小さな幸せを見つける力をそっと思い出させてくれる一品です！",
,4,25,マルジョレーヌ,凛とした自立心,"自然体で進めるあなた。
ひと口ごとに表情が変わるマルジョレーヌは、凛とした自立心をそっと思い出させてくれる一品です！",
,4,26,ナツメヤシケーキ,太陽の祝福,"人の気持ちを丁寧に受け取れるあなた。
素材の個性を丁寧に重ねたナツメヤシケーキは、太陽の祝福をそっと思い出させてくれる一品です！",
,4,27,トロペジェンヌ,優雅な余韻,"新しい景色を楽しめるあなた。
素材の個性を丁寧に重ねたトロペジェンヌは、優雅な余韻をそっと思い出させてくれる一品です！",
,4,28,オリーブオイルケーキ,冴えた直感,"好きなものを深く味わえるあなた。
素材の個性を丁寧に重ねたオリーブオイルケーキは、冴えた直感をそっと思い出させてくれる一品です！",
,4,29,カヌレケーキ,夢を形にする力,"明るい空気をつくれるあなた。
余韻までゆっくり楽しめるカヌレケーキは、夢を形にする力をそっと思い出させてくれる一品です！",
,4,30,アーモンドオリーブケーキ,春の訪れ,"ひらめきを大切にできるあなた。
素材の個性を丁寧に重ねたアーモンドオリーブケーキは、春の訪れをそっと思い出させてくれる一品です！",
,5,1,フィナンシェケーキ,深い共感力,"一歩ずつ形にしていくあなた。
小さな驚きを忍ばせたフィナンシェケーキは、深い共感力をそっと思い出させてくれる一品です！",
,5,2,レモンポピーシードケーキ,知的な探求心,"静かな強さを持つあなた。
素材の個性を丁寧に重ねたレモンポピーシードケーキは、知的な探求心をそっと思い出させてくれる一品です！",
,5,3,マドレーヌケーキ,誠実なまなざし,"まっすぐな思いを抱くあなた。
素朴さの中に奥行きがあるマドレーヌケーキは、誠実なまなざしをそっと思い出させてくれる一品です！",
,5,4,オレンジポレンタケーキ,柔らかな包容力,"小さな変化にも気づけるあなた。
素材の個性を丁寧に重ねたオレンジポレンタケーキは、柔らかな包容力をそっと思い出させてくれる一品です！",
,5,5,ポワリエ,頼れる安定感,"自分のペースを大切にするあなた。
香りと食感の変化が楽しいポワリエは、頼れる安定感をそっと思い出させてくれる一品です！",
,5,6,チョコレートラヴァケーキ,秘めた情熱,"周りに安心感を届けるあなた。
素材の個性を丁寧に重ねたチョコレートラヴァケーキは、秘めた情熱をそっと思い出させてくれる一品です！",
,5,7,ロワイヤルショコラ,隠れた遊び心,"一歩ずつ形にしていくあなた。
小さな驚きを忍ばせたロワイヤルショコラは、隠れた遊び心をそっと思い出させてくれる一品です！",
,5,8,ホワイトチョコムースケーキ,芯の強さ,"静かな強さを持つあなた。
素材の個性を丁寧に重ねたホワイトチョコムースケーキは、芯の強さをそっと思い出させてくれる一品です！",
,5,9,ティラミス,しなやかな変化,"まっすぐな思いを抱くあなた。
素朴さの中に奥行きがあるティラミスは、しなやかな変化をそっと思い出させてくれる一品です！",
,5,10,ラズベリームースケーキ,深い共感力,"小さな変化にも気づけるあなた。
素材の個性を丁寧に重ねたラズベリームースケーキは、深い共感力をそっと思い出させてくれる一品です！",
,5,11,カッサータ,知的な探求心,"自分のペースを大切にするあなた。
香りと食感の変化が楽しいカッサータは、知的な探求心をそっと思い出させてくれる一品です！",
,5,12,ブルーベリーチーズタルト,誠実なまなざし,"周りに安心感を届けるあなた。
素材の個性を丁寧に重ねたブルーベリーチーズタルトは、誠実なまなざしをそっと思い出させてくれる一品です！",
,5,13,ズコット,柔らかな包容力,"一歩ずつ形にしていくあなた。
小さな驚きを忍ばせたズコットは、柔らかな包容力をそっと思い出させてくれる一品です！",
,5,14,ピスタチオムースケーキ,頼れる安定感,"静かな強さを持つあなた。
素材の個性を丁寧に重ねたピスタチオムースケーキは、頼れる安定感をそっと思い出させてくれる一品です！",
,5,15,パネトーネ,秘めた情熱,"まっすぐな思いを抱くあなた。
素朴さの中に奥行きがあるパネトーネは、秘めた情熱をそっと思い出させてくれる一品です！",
,5,16,ヘーゼルナッツプラリネケーキ,隠れた遊び心,"小さな変化にも気づけるあなた。
素材の個性を丁寧に重ねたヘーゼルナッツプラリネケーキは、隠れた遊び心をそっと思い出させてくれる一品です！",
,5,17,パンドーロ,芯の強さ,"自分のペースを大切にするあなた。
香りと食感の変化が楽しいパンドーロは、芯の強さをそっと思い出させてくれる一品です！",
,5,18,マロンロールケーキ,しなやかな変化,"周りに安心感を届けるあなた。
素材の個性を丁寧に重ねたマロンロールケーキは、しなやかな変化をそっと思い出させてくれる一品です！",
,5,19,トルタ・カプレーゼ,深い共感力,"一歩ずつ形にしていくあなた。
小さな驚きを忍ばせたトルタ・カプレーゼは、深い共感力をそっと思い出させてくれる一品です！",
,5,20,洋梨キャラメルタルト,知的な探求心,"静かな強さを持つあなた。
素材の個性を丁寧に重ねた洋梨キャラメルタルトは、知的な探求心をそっと思い出させてくれる一品です！",
,5,21,トルタ・ミモザ,誠実なまなざし,"まっすぐな思いを抱くあなた。
素朴さの中に奥行きがあるトルタ・ミモザは、誠実なまなざしをそっと思い出させてくれる一品です！",
,5,22,いちじくアーモンドケーキ,柔らかな包容力,"小さな変化にも気づけるあなた。
素材の個性を丁寧に重ねたいちじくアーモンドケーキは、柔らかな包容力をそっと思い出させてくれる一品です！",
,5,23,トルタ・デッラ・ノンナ,頼れる安定感,"自分のペースを大切にするあなた。
香りと食感の変化が楽しいトルタ・デッラ・ノンナは、頼れる安定感をそっと思い出させてくれる一品です！",
,5,24,アプリコットパウンドケーキ,秘めた情熱,"周りに安心感を届けるあなた。
素材の個性を丁寧に重ねたアプリコットパウンドケーキは、秘めた情熱をそっと思い出させてくれる一品です！",
,5,25,トルタ・パラディーゾ,隠れた遊び心,"一歩ずつ形にしていくあなた。
小さな驚きを忍ばせたトルタ・パラディーゾは、隠れた遊び心をそっと思い出させてくれる一品です！",
,5,26,プラムアップサイドダウンケーキ,芯の強さ,"静かな強さを持つあなた。
素材の個性を丁寧に重ねたプラムアップサイドダウンケーキは、芯の強さをそっと思い出させてくれる一品です！",
,5,27,スブリソローナ,しなやかな変化,"まっすぐな思いを抱くあなた。
素朴さの中に奥行きがあるスブリソローナは、しなやかな変化をそっと思い出させてくれる一品です！",
,5,28,チェリークラフティケーキ,深い共感力,"小さな変化にも気づけるあなた。
素材の個性を丁寧に重ねたチェリークラフティケーキは、深い共感力をそっと思い出させてくれる一品です！",
,5,29,クロスタータ,知的な探求心,"自分のペースを大切にするあなた。
香りと食感の変化が楽しいクロスタータは、知的な探求心をそっと思い出させてくれる一品です！",
,5,30,ココアシフォン,誠実なまなざし,"周りに安心感を届けるあなた。
素材の個性を丁寧に重ねたココアシフォンは、誠実なまなざしをそっと思い出させてくれる一品です！",
,5,31,パスティエラ,柔らかな包容力,"一歩ずつ形にしていくあなた。
小さな驚きを忍ばせたパスティエラは、柔らかな包容力をそっと思い出させてくれる一品です！",
,6,1,抹茶ティラミス,隠れた遊び心,"自分のペースを大切にするあなた。
素材の個性を丁寧に重ねた抹茶ティラミスは、隠れた遊び心をそっと思い出させてくれる一品です！",
,6,2,ババ・ナポレターノ,芯の強さ,"周りに安心感を届けるあなた。
小さな驚きを忍ばせたババ・ナポレターノは、芯の強さをそっと思い出させてくれる一品です！",
,6,3,紅茶シフォン,しなやかな変化,"一歩ずつ形にしていくあなた。
素材の個性を丁寧に重ねた紅茶シフォンは、しなやかな変化をそっと思い出させてくれる一品です！",
,6,4,ディプロマットケーキ,深い共感力,"静かな強さを持つあなた。
素朴さの中に奥行きがあるディプロマットケーキは、深い共感力をそっと思い出させてくれる一品です！",
,6,5,チャイチーズケーキ,知的な探求心,"まっすぐな思いを抱くあなた。
素材の個性を丁寧に重ねたチャイチーズケーキは、知的な探求心をそっと思い出させてくれる一品です！",
,6,6,セミフレッドケーキ,誠実なまなざし,"小さな変化にも気づけるあなた。
香りと食感の変化が楽しいセミフレッドケーキは、誠実なまなざしをそっと思い出させてくれる一品です！",
,6,7,ラムレーズンバターケーキ,柔らかな包容力,"自分のペースを大切にするあなた。
素材の個性を丁寧に重ねたラムレーズンバターケーキは、柔らかな包容力をそっと思い出させてくれる一品です！",
,6,8,リコッタチーズトルタ,頼れる安定感,"周りに安心感を届けるあなた。
小さな驚きを忍ばせたリコッタチーズトルタは、頼れる安定感をそっと思い出させてくれる一品です！",
,6,9,メープルウォルナットケーキ,秘めた情熱,"一歩ずつ形にしていくあなた。
素材の個性を丁寧に重ねたメープルウォルナットケーキは、秘めた情熱をそっと思い出させてくれる一品です！",
,6,10,アマレッティケーキ,隠れた遊び心,"静かな強さを持つあなた。
素朴さの中に奥行きがあるアマレッティケーキは、隠れた遊び心をそっと思い出させてくれる一品です！",
,6,11,シナモンアップルケーキ,芯の強さ,"まっすぐな思いを抱くあなた。
素材の個性を丁寧に重ねたシナモンアップルケーキは、芯の強さをそっと思い出させてくれる一品です！",
,6,12,ジャンドゥーヤトルタ,しなやかな変化,"小さな変化にも気づけるあなた。
香りと食感の変化が楽しいジャンドゥーヤトルタは、しなやかな変化をそっと思い出させてくれる一品です！",
,6,13,クランベリーオレンジケーキ,深い共感力,"自分のペースを大切にするあなた。
素材の個性を丁寧に重ねたクランベリーオレンジケーキは、深い共感力をそっと思い出させてくれる一品です！",
,6,14,ザッハトルテ,知的な探求心,"周りに安心感を届けるあなた。
小さな驚きを忍ばせたザッハトルテは、知的な探求心をそっと思い出させてくれる一品です！",
,6,15,マンゴームースケーキ,誠実なまなざし,"一歩ずつ形にしていくあなた。
素材の個性を丁寧に重ねたマンゴームースケーキは、誠実なまなざしをそっと思い出させてくれる一品です！",
,6,16,ドボシュトルタ,柔らかな包容力,"静かな強さを持つあなた。
素朴さの中に奥行きがあるドボシュトルタは、柔らかな包容力をそっと思い出させてくれる一品です！",
,6,17,ライムヨーグルトケーキ,頼れる安定感,"まっすぐな思いを抱くあなた。
素材の個性を丁寧に重ねたライムヨーグルトケーキは、頼れる安定感をそっと思い出させてくれる一品です！",
,6,18,エスターハージートルテ,秘めた情熱,"小さな変化にも気づけるあなた。
香りと食感の変化が楽しいエスターハージートルテは、秘めた情熱をそっと思い出させてくれる一品です！",
,6,19,バニラビーンズロール,隠れた遊び心,"自分のペースを大切にするあなた。
素材の個性を丁寧に重ねたバニラビーンズロールは、隠れた遊び心をそっと思い出させてくれる一品です！",
,6,20,リンツァートルテ,芯の強さ,"周りに安心感を届けるあなた。
小さな驚きを忍ばせたリンツァートルテは、芯の強さをそっと思い出させてくれる一品です！",
,6,21,キャラメルナッツタルト,しなやかな変化,"一歩ずつ形にしていくあなた。
素材の個性を丁寧に重ねたキャラメルナッツタルトは、しなやかな変化をそっと思い出させてくれる一品です！",
,6,22,シュヴァルツヴェルダーキルシュトルテ,深い共感力,"静かな強さを持つあなた。
素朴さの中に奥行きがあるシュヴァルツヴェルダーキルシュトルテは、深い共感力をそっと思い出させてくれる一品です！",
,6,23,アールグレイロールケーキ,知的な探求心,"まっすぐな思いを抱くあなた。
素材の個性を丁寧に重ねたアールグレイロールケーキは、知的な探求心をそっと思い出させてくれる一品です！",
,6,24,バウムクーヘン,誠実なまなざし,"小さな変化にも気づけるあなた。
香りと食感の変化が楽しいバウムクーヘンは、誠実なまなざしをそっと思い出させてくれる一品です！",
,6,25,オレンジチョコレートタルト,柔らかな包容力,"自分のペースを大切にするあなた。
素材の個性を丁寧に重ねたオレンジチョコレートタルトは、柔らかな包容力をそっと思い出させてくれる一品です！",
,6,26,ビーネンシュティヒ,頼れる安定感,"周りに安心感を届けるあなた。
小さな驚きを忍ばせたビーネンシュティヒは、頼れる安定感をそっと思い出させてくれる一品です！",
,6,27,グリオットチェリームース,秘めた情熱,"一歩ずつ形にしていくあなた。
素材の個性を丁寧に重ねたグリオットチェリームースは、秘めた情熱をそっと思い出させてくれる一品です！",
,6,28,ドナウヴェレ,隠れた遊び心,"静かな強さを持つあなた。
素朴さの中に奥行きがあるドナウヴェレは、隠れた遊び心をそっと思い出させてくれる一品です！",
,6,29,ピーチメルバケーキ,芯の強さ,"まっすぐな思いを抱くあなた。
素材の個性を丁寧に重ねたピーチメルバケーキは、芯の強さをそっと思い出させてくれる一品です！",
,6,30,プリンツレゲントトルテ,しなやかな変化,"小さな変化にも気づけるあなた。
香りと食感の変化が楽しいプリンツレゲントトルテは、しなやかな変化をそっと思い出させてくれる一品です！",
,7,1,アーモンドプラリネトルテ,まっすぐな勇気,"ひらめきを大切にできるあなた。
素材の個性を丁寧に重ねたアーモンドプラリネトルテは、まっすぐな勇気をそっと思い出させてくれる一品です！",
,7,2,ケーゼクーヘン,穏やかなリーダーシップ,"自然体で進めるあなた。
見た目にも物語を感じるケーゼクーヘンは、穏やかなリーダーシップをそっと思い出させてくれる一品です！",
,7,3,フロマージュブランムース,新しい始まり,"人の気持ちを丁寧に受け取れるあなた。
素材の個性を丁寧に重ねたフロマージュブランムースは、新しい始まりをそっと思い出させてくれる一品です！",
,7,4,フランクフルタークランツ,豊かな実り,"新しい景色を楽しめるあなた。
やさしい甘さで包み込むフランクフルタークランツは、豊かな実りをそっと思い出させてくれる一品です！",
,7,5,洋梨シャルロット,思いやり,"好きなものを深く味わえるあなた。
素材の個性を丁寧に重ねた洋梨シャルロットは、思いやりをそっと思い出させてくれる一品です！",
,7,6,ツヴェチュゲンクーヘン,落ち着いた集中力,"明るい空気をつくれるあなた。
記念日にそっと置きたくなるツヴェチュゲンクーヘンは、落ち着いた集中力をそっと思い出させてくれる一品です！",
,7,7,パッションフルーツシブースト,前向きな行動力,"ひらめきを大切にできるあなた。
素材の個性を丁寧に重ねたパッションフルーツシブーストは、前向きな行動力をそっと思い出させてくれる一品です！",
,7,8,アプフェルクーヘン,静かな調和,"自然体で進めるあなた。
見た目にも物語を感じるアプフェルクーヘンは、静かな調和をそっと思い出させてくれる一品です！",
,7,9,クレームブリュレタルト,自由な発想,"人の気持ちを丁寧に受け取れるあなた。
素材の個性を丁寧に重ねたクレームブリュレタルトは、自由な発想をそっと思い出させてくれる一品です！",
,7,10,モーンケーキ,まっすぐな勇気,"新しい景色を楽しめるあなた。
やさしい甘さで包み込むモーンケーキは、まっすぐな勇気をそっと思い出させてくれる一品です！",
,7,11,ラズベリーオペラ,穏やかなリーダーシップ,"好きなものを深く味わえるあなた。
素材の個性を丁寧に重ねたラズベリーオペラは、穏やかなリーダーシップをそっと思い出させてくれる一品です！",
,7,12,シュトロイゼルクーヘン,新しい始まり,"明るい空気をつくれるあなた。
記念日にそっと置きたくなるシュトロイゼルクーヘンは、新しい始まりをそっと思い出させてくれる一品です！",
,7,13,カフェノワゼットケーキ,豊かな実り,"ひらめきを大切にできるあなた。
素材の個性を丁寧に重ねたカフェノワゼットケーキは、豊かな実りをそっと思い出させてくれる一品です！",
,7,14,マルモアクーヘン,思いやり,"自然体で進めるあなた。
見た目にも物語を感じるマルモアクーヘンは、思いやりをそっと思い出させてくれる一品です！",
,7,15,マロンカシスケーキ,落ち着いた集中力,"人の気持ちを丁寧に受け取れるあなた。
素材の個性を丁寧に重ねたマロンカシスケーキは、落ち着いた集中力をそっと思い出させてくれる一品です！",
,7,16,ヌストルテ,前向きな行動力,"新しい景色を楽しめるあなた。
やさしい甘さで包み込むヌストルテは、前向きな行動力をそっと思い出させてくれる一品です！",
,7,17,アプリコットダックワーズ,静かな調和,"好きなものを深く味わえるあなた。
素材の個性を丁寧に重ねたアプリコットダックワーズは、静かな調和をそっと思い出させてくれる一品です！",
,7,18,プリンセストータ,自由な発想,"明るい空気をつくれるあなた。
記念日にそっと置きたくなるプリンセストータは、自由な発想をそっと思い出させてくれる一品です！",
,7,19,レモンバターケーキ,まっすぐな勇気,"ひらめきを大切にできるあなた。
素材の個性を丁寧に重ねたレモンバターケーキは、まっすぐな勇気をそっと思い出させてくれる一品です！",
,7,20,クラッドカーカ,穏やかなリーダーシップ,"自然体で進めるあなた。
見た目にも物語を感じるクラッドカーカは、穏やかなリーダーシップをそっと思い出させてくれる一品です！",
,7,21,ココナッツシフォン,新しい始まり,"人の気持ちを丁寧に受け取れるあなた。
素材の個性を丁寧に重ねたココナッツシフォンは、新しい始まりをそっと思い出させてくれる一品です！",
,7,22,セムラケーキ,豊かな実り,"新しい景色を楽しめるあなた。
やさしい甘さで包み込むセムラケーキは、豊かな実りをそっと思い出させてくれる一品です！",
,7,23,いちじくチーズタルト,思いやり,"好きなものを深く味わえるあなた。
素材の個性を丁寧に重ねたいちじくチーズタルトは、思いやりをそっと思い出させてくれる一品です！",
,7,24,ブダペストロール,落ち着いた集中力,"明るい空気をつくれるあなた。
記念日にそっと置きたくなるブダペストロールは、落ち着いた集中力をそっと思い出させてくれる一品です！",
,7,25,ピスタチオフレジエ,前向きな行動力,"ひらめきを大切にできるあなた。
素材の個性を丁寧に重ねたピスタチオフレジエは、前向きな行動力をそっと思い出させてくれる一品です！",
,7,26,クランセカーケ,静かな調和,"自然体で進めるあなた。
見た目にも物語を感じるクランセカーケは、静かな調和をそっと思い出させてくれる一品です！",
,7,27,チョコレートバナナタルト,自由な発想,"人の気持ちを丁寧に受け取れるあなた。
素材の個性を丁寧に重ねたチョコレートバナナタルトは、自由な発想をそっと思い出させてくれる一品です！",
,7,28,クヴァーフィヨルケーキ,まっすぐな勇気,"新しい景色を楽しめるあなた。
やさしい甘さで包み込むクヴァーフィヨルケーキは、まっすぐな勇気をそっと思い出させてくれる一品です！",
,7,29,プラムアーモンドタルト,穏やかなリーダーシップ,"好きなものを深く味わえるあなた。
素材の個性を丁寧に重ねたプラムアーモンドタルトは、穏やかなリーダーシップをそっと思い出させてくれる一品です！",
,7,30,トスカカーカ,新しい始まり,"明るい空気をつくれるあなた。
記念日にそっと置きたくなるトスカカーカは、新しい始まりをそっと思い出させてくれる一品です！",
,7,31,ヘーゼルナッツブラウニー,豊かな実り,"ひらめきを大切にできるあなた。
素材の個性を丁寧に重ねたヘーゼルナッツブラウニーは、豊かな実りをそっと思い出させてくれる一品です！",
,8,1,オストカーカ,前向きな行動力,"好きなものを深く味わえるあなた。
記念日にそっと置きたくなるオストカーカは、前向きな行動力をそっと思い出させてくれる一品です！",
,8,2,オレンジサヴァラン,静かな調和,"明るい空気をつくれるあなた。
素材の個性を丁寧に重ねたオレンジサヴァランは、静かな調和をそっと思い出させてくれる一品です！",
,8,3,ルーネベリトルテ,自由な発想,"ひらめきを大切にできるあなた。
見た目にも物語を感じるルーネベリトルテは、自由な発想をそっと思い出させてくれる一品です！",
,8,4,チェリーチーズケーキ,まっすぐな勇気,"自然体で進めるあなた。
素材の個性を丁寧に重ねたチェリーチーズケーキは、まっすぐな勇気をそっと思い出させてくれる一品です！",
,8,5,ドロームトルタ,穏やかなリーダーシップ,"人の気持ちを丁寧に受け取れるあなた。
やさしい甘さで包み込むドロームトルタは、穏やかなリーダーシップをそっと思い出させてくれる一品です！",
,8,6,キャラメルポワール,新しい始まり,"新しい景色を楽しめるあなた。
素材の個性を丁寧に重ねたキャラメルポワールは、新しい始まりをそっと思い出させてくれる一品です！",
,8,7,カルダモンリングケーキ,豊かな実り,"好きなものを深く味わえるあなた。
記念日にそっと置きたくなるカルダモンリングケーキは、豊かな実りをそっと思い出させてくれる一品です！",
,8,8,抹茶オペラ,思いやり,"明るい空気をつくれるあなた。
素材の個性を丁寧に重ねた抹茶オペラは、思いやりをそっと思い出させてくれる一品です！",
,8,9,ヴィクトリアスポンジ,落ち着いた集中力,"ひらめきを大切にできるあなた。
見た目にも物語を感じるヴィクトリアスポンジは、落ち着いた集中力をそっと思い出させてくれる一品です！",
,8,10,黒糖バナナケーキ,前向きな行動力,"自然体で進めるあなた。
素材の個性を丁寧に重ねた黒糖バナナケーキは、前向きな行動力をそっと思い出させてくれる一品です！",
,8,11,バッテンバーグケーキ,静かな調和,"人の気持ちを丁寧に受け取れるあなた。
やさしい甘さで包み込むバッテンバーグケーキは、静かな調和をそっと思い出させてくれる一品です！",
,8,12,柚子レアチーズ,自由な発想,"新しい景色を楽しめるあなた。
素材の個性を丁寧に重ねた柚子レアチーズは、自由な発想をそっと思い出させてくれる一品です！",
,8,13,ダンディーケーキ,まっすぐな勇気,"好きなものを深く味わえるあなた。
記念日にそっと置きたくなるダンディーケーキは、まっすぐな勇気をそっと思い出させてくれる一品です！",
,8,14,栗のパウンドケーキ,穏やかなリーダーシップ,"明るい空気をつくれるあなた。
素材の個性を丁寧に重ねた栗のパウンドケーキは、穏やかなリーダーシップをそっと思い出させてくれる一品です！",
,8,15,パーキン,新しい始まり,"ひらめきを大切にできるあなた。
見た目にも物語を感じるパーキンは、新しい始まりをそっと思い出させてくれる一品です！",
,8,16,林檎と胡桃のケーキ,豊かな実り,"自然体で進めるあなた。
素材の個性を丁寧に重ねた林檎と胡桃のケーキは、豊かな実りをそっと思い出させてくれる一品です！",
,8,17,シムネルケーキ,思いやり,"人の気持ちを丁寧に受け取れるあなた。
やさしい甘さで包み込むシムネルケーキは、思いやりをそっと思い出させてくれる一品です！",
,8,18,黒すぐりパウンド,落ち着いた集中力,"新しい景色を楽しめるあなた。
素材の個性を丁寧に重ねた黒すぐりパウンドは、落ち着いた集中力をそっと思い出させてくれる一品です！",
,8,19,マデイラケーキ,前向きな行動力,"好きなものを深く味わえるあなた。
記念日にそっと置きたくなるマデイラケーキは、前向きな行動力をそっと思い出させてくれる一品です！",
,8,20,ノワゼットミルフィーユ,静かな調和,"明るい空気をつくれるあなた。
素材の個性を丁寧に重ねたノワゼットミルフィーユは、静かな調和をそっと思い出させてくれる一品です！",
,8,21,ベイクウェルタルト,自由な発想,"ひらめきを大切にできるあなた。
見た目にも物語を感じるベイクウェルタルトは、自由な発想をそっと思い出させてくれる一品です！",
,8,22,エスプレッソクラフティ,まっすぐな勇気,"自然体で進めるあなた。
素材の個性を丁寧に重ねたエスプレッソクラフティは、まっすぐな勇気をそっと思い出させてくれる一品です！",
,8,23,バノフィーパイ,穏やかなリーダーシップ,"人の気持ちを丁寧に受け取れるあなた。
やさしい甘さで包み込むバノフィーパイは、穏やかなリーダーシップをそっと思い出させてくれる一品です！",
,8,24,サワーチェリーバターケーキ,新しい始まり,"新しい景色を楽しめるあなた。
素材の個性を丁寧に重ねたサワーチェリーバターケーキは、新しい始まりをそっと思い出させてくれる一品です！",
,8,25,ウェルシュケーキ,豊かな実り,"好きなものを深く味わえるあなた。
記念日にそっと置きたくなるウェルシュケーキは、豊かな実りをそっと思い出させてくれる一品です！",
,8,26,抹茶フラン,思いやり,"明るい空気をつくれるあなた。
素材の個性を丁寧に重ねた抹茶フランは、思いやりをそっと思い出させてくれる一品です！",
,8,27,レモンドリズルケーキ,落ち着いた集中力,"ひらめきを大切にできるあなた。
見た目にも物語を感じるレモンドリズルケーキは、落ち着いた集中力をそっと思い出させてくれる一品です！",
,8,28,杏シフォン,前向きな行動力,"自然体で進めるあなた。
素材の個性を丁寧に重ねた杏シフォンは、前向きな行動力をそっと思い出させてくれる一品です！",
,8,29,トリークルタルト,静かな調和,"人の気持ちを丁寧に受け取れるあなた。
やさしい甘さで包み込むトリークルタルトは、静かな調和をそっと思い出させてくれる一品です！",
,8,30,プラリネブラウニー,自由な発想,"新しい景色を楽しめるあなた。
素材の個性を丁寧に重ねたプラリネブラウニーは、自由な発想をそっと思い出させてくれる一品です！",
,8,31,ジンジャーブレッドケーキ,まっすぐな勇気,"好きなものを深く味わえるあなた。
記念日にそっと置きたくなるジンジャーブレッドケーキは、まっすぐな勇気をそっと思い出させてくれる一品です！",
,9,1,カフェタルト,豊かな実り,"人の気持ちを丁寧に受け取れるあなた。
素材の個性を丁寧に重ねたカフェタルトは、豊かな実りをそっと思い出させてくれる一品です！",
,9,2,レッドベルベットケーキ,思いやり,"新しい景色を楽しめるあなた。
記念日にそっと置きたくなるレッドベルベットケーキは、思いやりをそっと思い出させてくれる一品です！",
,9,3,カルダモンサヴァラン,落ち着いた集中力,"好きなものを深く味わえるあなた。
素材の個性を丁寧に重ねたカルダモンサヴァランは、落ち着いた集中力をそっと思い出させてくれる一品です！",
,9,4,キャロットケーキ,前向きな行動力,"明るい空気をつくれるあなた。
見た目にも物語を感じるキャロットケーキは、前向きな行動力をそっと思い出させてくれる一品です！",
,9,5,柚子トルテ,静かな調和,"ひらめきを大切にできるあなた。
素材の個性を丁寧に重ねた柚子トルテは、静かな調和をそっと思い出させてくれる一品です！",
,9,6,ニューヨークチーズケーキ,自由な発想,"自然体で進めるあなた。
やさしい甘さで包み込むニューヨークチーズケーキは、自由な発想をそっと思い出させてくれる一品です！",
,9,7,洋梨モンブラン,まっすぐな勇気,"人の気持ちを丁寧に受け取れるあなた。
素材の個性を丁寧に重ねた洋梨モンブランは、まっすぐな勇気をそっと思い出させてくれる一品です！",
,9,8,ボストンクリームパイ,穏やかなリーダーシップ,"新しい景色を楽しめるあなた。
記念日にそっと置きたくなるボストンクリームパイは、穏やかなリーダーシップをそっと思い出させてくれる一品です！",
,9,9,ミラベルテリーヌ,新しい始まり,"好きなものを深く味わえるあなた。
素材の個性を丁寧に重ねたミラベルテリーヌは、新しい始まりをそっと思い出させてくれる一品です！",
,9,10,ハミングバードケーキ,豊かな実り,"明るい空気をつくれるあなた。
見た目にも物語を感じるハミングバードケーキは、豊かな実りをそっと思い出させてくれる一品です！",
,9,11,カカオスフレ,思いやり,"ひらめきを大切にできるあなた。
素材の個性を丁寧に重ねたカカオスフレは、思いやりをそっと思い出させてくれる一品です！",
,9,12,ジャーマンチョコレートケーキ,落ち着いた集中力,"自然体で進めるあなた。
やさしい甘さで包み込むジャーマンチョコレートケーキは、落ち着いた集中力をそっと思い出させてくれる一品です！",
,9,13,シナモンダックワーズ,前向きな行動力,"人の気持ちを丁寧に受け取れるあなた。
素材の個性を丁寧に重ねたシナモンダックワーズは、前向きな行動力をそっと思い出させてくれる一品です！",
,9,14,パウンドケーキ,静かな調和,"新しい景色を楽しめるあなた。
記念日にそっと置きたくなるパウンドケーキは、静かな調和をそっと思い出させてくれる一品です！",
,9,15,ココナッツクリームパイ,自由な発想,"好きなものを深く味わえるあなた。
素材の個性を丁寧に重ねたココナッツクリームパイは、自由な発想をそっと思い出させてくれる一品です！",
,9,16,エンゼルフードケーキ,まっすぐな勇気,"明るい空気をつくれるあなた。
見た目にも物語を感じるエンゼルフードケーキは、まっすぐな勇気をそっと思い出させてくれる一品です！",
,9,17,ベルガモットチーズケーキ,穏やかなリーダーシップ,"ひらめきを大切にできるあなた。
素材の個性を丁寧に重ねたベルガモットチーズケーキは、穏やかなリーダーシップをそっと思い出させてくれる一品です！",
,9,18,シフォンケーキ,新しい始まり,"自然体で進めるあなた。
やさしい甘さで包み込むシフォンケーキは、新しい始まりをそっと思い出させてくれる一品です！",
,9,19,無花果ムース,豊かな実り,"人の気持ちを丁寧に受け取れるあなた。
素材の個性を丁寧に重ねた無花果ムースは、豊かな実りをそっと思い出させてくれる一品です！",
,9,20,パイナップルアップサイドダウンケーキ,思いやり,"新しい景色を楽しめるあなた。
記念日にそっと置きたくなるパイナップルアップサイドダウンケーキは、思いやりをそっと思い出させてくれる一品です！",
,9,21,栗シャルロット,落ち着いた集中力,"好きなものを深く味わえるあなた。
素材の個性を丁寧に重ねた栗シャルロットは、落ち着いた集中力をそっと思い出させてくれる一品です！",
,9,22,ミシシッピーマッドケーキ,前向きな行動力,"明るい空気をつくれるあなた。
見た目にも物語を感じるミシシッピーマッドケーキは、前向きな行動力をそっと思い出させてくれる一品です！",
,9,23,メープルロール,静かな調和,"ひらめきを大切にできるあなた。
素材の個性を丁寧に重ねたメープルロールは、静かな調和をそっと思い出させてくれる一品です！",
,9,24,レーンケーキ,自由な発想,"自然体で進めるあなた。
やさしい甘さで包み込むレーンケーキは、自由な発想をそっと思い出させてくれる一品です！",
,9,25,パッションフルーツオペラ,まっすぐな勇気,"人の気持ちを丁寧に受け取れるあなた。
素材の個性を丁寧に重ねたパッションフルーツオペラは、まっすぐな勇気をそっと思い出させてくれる一品です！",
,9,26,スミスアイランドケーキ,穏やかなリーダーシップ,"新しい景色を楽しめるあなた。
記念日にそっと置きたくなるスミスアイランドケーキは、穏やかなリーダーシップをそっと思い出させてくれる一品です！",
,9,27,紫芋パウンド,新しい始まり,"好きなものを深く味わえるあなた。
素材の個性を丁寧に重ねた紫芋パウンドは、新しい始まりをそっと思い出させてくれる一品です！",
,9,28,キングケーキ,豊かな実り,"明るい空気をつくれるあなた。
見た目にも物語を感じるキングケーキは、豊かな実りをそっと思い出させてくれる一品です！",
,9,29,西境の蜂蜜シードケーキ,思いやり,"ひらめきを大切にできるあなた。
旅の食卓に似合う西境の蜂蜜シードケーキは、思いやりをそっと思い出させてくれる一品です！",
,9,30,キーライムパイ,落ち着いた集中力,"自然体で進めるあなた。
やさしい甘さで包み込むキーライムパイは、落ち着いた集中力をそっと思い出させてくれる一品です！",
,10,1,緑丘の胡桃ローフ,丁寧な積み重ね,"静かな強さを持つあなた。
旅の食卓に似合う緑丘の胡桃ローフは、丁寧な積み重ねをそっと思い出させてくれる一品です！",
,10,2,ピーカンパイ,創造的なひらめき,"まっすぐな思いを抱くあなた。
華やかさと落ち着きを合わせ持つピーカンパイは、創造的なひらめきをそっと思い出させてくれる一品です！",
,10,3,石橋宿の麦芽ケーキ,人を和ませる明るさ,"小さな変化にも気づけるあなた。
旅の食卓に似合う石橋宿の麦芽ケーキは、人を和ませる明るさをそっと思い出させてくれる一品です！",
,10,4,アップルスタックケーキ,甘美なロマンス,"自分のペースを大切にするあなた。
静かな高揚感をくれるアップルスタックケーキは、甘美なロマンスをそっと思い出させてくれる一品です！",
,10,5,古道の干し果実タルト,冒険心,"周りに安心感を届けるあなた。
旅の食卓に似合う古道の干し果実タルトは、冒険心をそっと思い出させてくれる一品です！",
,10,6,トレスレチェスケーキ,朗らかな希望,"一歩ずつ形にしていくあなた。
軽やかな口どけを大切にしたトレスレチェスケーキは、朗らかな希望をそっと思い出させてくれる一品です！",
,10,7,白樹のアーモンドトルテ,澄んだ感性,"静かな強さを持つあなた。
旅の食卓に似合う白樹のアーモンドトルテは、澄んだ感性をそっと思い出させてくれる一品です！",
,10,8,チョコトルタ,輝く才能,"まっすぐな思いを抱くあなた。
華やかさと落ち着きを合わせ持つチョコトルタは、輝く才能をそっと思い出させてくれる一品です！",
,10,9,灰色港の塩バターケーキ,聖なる奇跡,"小さな変化にも気づけるあなた。
旅の食卓に似合う灰色港の塩バターケーキは、聖なる奇跡をそっと思い出させてくれる一品です！",
,10,10,ミロハス・チレナス,丁寧な積み重ね,"自分のペースを大切にするあなた。
静かな高揚感をくれるミロハス・チレナスは、丁寧な積み重ねをそっと思い出させてくれる一品です！",
,10,11,谷間宿の林檎パイ,創造的なひらめき,"周りに安心感を届けるあなた。
旅の食卓に似合う谷間宿の林檎パイは、創造的なひらめきをそっと思い出させてくれる一品です！",
,10,12,ブリガデイロケーキ,人を和ませる明るさ,"一歩ずつ形にしていくあなた。
軽やかな口どけを大切にしたブリガデイロケーキは、人を和ませる明るさをそっと思い出させてくれる一品です！",
,10,13,炉端の黒麦ケーキ,甘美なロマンス,"静かな強さを持つあなた。
旅の食卓に似合う炉端の黒麦ケーキは、甘美なロマンスをそっと思い出させてくれる一品です！",
,10,14,ボーロ・ジ・ローロ,冒険心,"まっすぐな思いを抱くあなた。
華やかさと落ち着きを合わせ持つボーロ・ジ・ローロは、冒険心をそっと思い出させてくれる一品です！",
,10,15,北門のキャラウェイケーキ,朗らかな希望,"小さな変化にも気づけるあなた。
旅の食卓に似合う北門のキャラウェイケーキは、朗らかな希望をそっと思い出させてくれる一品です！",
,10,16,ボーロ・ジ・セノウラ,澄んだ感性,"自分のペースを大切にするあなた。
静かな高揚感をくれるボーロ・ジ・セノウラは、澄んだ感性をそっと思い出させてくれる一品です！",
,10,17,小川村の栗粉タルト,輝く才能,"周りに安心感を届けるあなた。
旅の食卓に似合う小川村の栗粉タルトは、輝く才能をそっと思い出させてくれる一品です！",
,10,18,キンジンケーキ,聖なる奇跡,"一歩ずつ形にしていくあなた。
軽やかな口どけを大切にしたキンジンケーキは、聖なる奇跡をそっと思い出させてくれる一品です！",
,10,19,旅人のオートケーキ,丁寧な積み重ね,"静かな強さを持つあなた。
旅の食卓に似合う旅人のオートケーキは、丁寧な積み重ねをそっと思い出させてくれる一品です！",
,10,20,トルタ・ネグラ・コロンビアーナ,創造的なひらめき,"まっすぐな思いを抱くあなた。
華やかさと落ち着きを合わせ持つトルタ・ネグラ・コロンビアーナは、創造的なひらめきをそっと思い出させてくれる一品です！",
,10,21,山裾の洋梨ローフ,人を和ませる明るさ,"小さな変化にも気づけるあなた。
旅の食卓に似合う山裾の洋梨ローフは、人を和ませる明るさをそっと思い出させてくれる一品です！",
,10,22,アルファホールケーキ,甘美なロマンス,"自分のペースを大切にするあなた。
静かな高揚感をくれるアルファホールケーキは、甘美なロマンスをそっと思い出させてくれる一品です！",
,10,23,牧草地のクローバーハニーケーキ,冒険心,"周りに安心感を届けるあなた。
旅の食卓に似合う牧草地のクローバーハニーケーキは、冒険心をそっと思い出させてくれる一品です！",
,10,24,ドゥルセ・デ・レチェトルタ,朗らかな希望,"一歩ずつ形にしていくあなた。
軽やかな口どけを大切にしたドゥルセ・デ・レチェトルタは、朗らかな希望をそっと思い出させてくれる一品です！",
,10,25,古い塔のスパイスケーキ,澄んだ感性,"静かな強さを持つあなた。
旅の食卓に似合う古い塔のスパイスケーキは、澄んだ感性をそっと思い出させてくれる一品です！",
,10,26,マルケサ・デ・チョコラーテ,輝く才能,"まっすぐな思いを抱くあなた。
華やかさと落ち着きを合わせ持つマルケサ・デ・チョコラーテは、輝く才能をそっと思い出させてくれる一品です！",
,10,27,南街道のデーツケーキ,聖なる奇跡,"小さな変化にも気づけるあなた。
旅の食卓に似合う南街道のデーツケーキは、聖なる奇跡をそっと思い出させてくれる一品です！",
,10,28,パステル・デ・エローテ,丁寧な積み重ね,"自分のペースを大切にするあなた。
静かな高揚感をくれるパステル・デ・エローテは、丁寧な積み重ねをそっと思い出させてくれる一品です！",
,10,29,羊飼いのチーズタルト,創造的なひらめき,"周りに安心感を届けるあなた。
旅の食卓に似合う羊飼いのチーズタルトは、創造的なひらめきをそっと思い出させてくれる一品です！",
,10,30,グアバチーズケーキ,人を和ませる明るさ,"一歩ずつ形にしていくあなた。
軽やかな口どけを大切にしたグアバチーズケーキは、人を和ませる明るさをそっと思い出させてくれる一品です！",
,10,31,丘陵のヘーゼルナッツケーキ,甘美なロマンス,"静かな強さを持つあなた。
旅の食卓に似合う丘陵のヘーゼルナッツケーキは、甘美なロマンスをそっと思い出させてくれる一品です！",
,11,1,カステラ,澄んだ感性,"周りに安心感を届けるあなた。
軽やかな口どけを大切にしたカステラは、澄んだ感性をそっと思い出させてくれる一品です！",
,11,2,木陰亭のプラムケーキ,輝く才能,"一歩ずつ形にしていくあなた。
旅の食卓に似合う木陰亭のプラムケーキは、輝く才能をそっと思い出させてくれる一品です！",
,11,3,抹茶ロール,聖なる奇跡,"静かな強さを持つあなた。
華やかさと落ち着きを合わせ持つ抹茶ロールは、聖なる奇跡をそっと思い出させてくれる一品です！",
,11,4,銀葉亭のレモンケーキ,丁寧な積み重ね,"まっすぐな思いを抱くあなた。
旅の食卓に似合う銀葉亭のレモンケーキは、丁寧な積み重ねをそっと思い出させてくれる一品です！",
,11,5,浮島,創造的なひらめき,"小さな変化にも気づけるあなた。
静かな高揚感をくれる浮島は、創造的なひらめきをそっと思い出させてくれる一品です！",
,11,6,赤屋根村のベリータルト,人を和ませる明るさ,"自分のペースを大切にするあなた。
旅の食卓に似合う赤屋根村のベリータルトは、人を和ませる明るさをそっと思い出させてくれる一品です！",
,11,7,羊羹カステラ,甘美なロマンス,"周りに安心感を届けるあなた。
軽やかな口どけを大切にした羊羹カステラは、甘美なロマンスをそっと思い出させてくれる一品です！",
,11,8,城下町のマジパンケーキ,冒険心,"一歩ずつ形にしていくあなた。
旅の食卓に似合う城下町のマジパンケーキは、冒険心をそっと思い出させてくれる一品です！",
,11,9,柚子シフォン,朗らかな希望,"静かな強さを持つあなた。
華やかさと落ち着きを合わせ持つ柚子シフォンは、朗らかな希望をそっと思い出させてくれる一品です！",
,11,10,霧谷の小麦粉ケーキ,澄んだ感性,"まっすぐな思いを抱くあなた。
旅の食卓に似合う霧谷の小麦粉ケーキは、澄んだ感性をそっと思い出させてくれる一品です！",
,11,11,桜ロールケーキ,輝く才能,"小さな変化にも気づけるあなた。
静かな高揚感をくれる桜ロールケーキは、輝く才能をそっと思い出させてくれる一品です！",
,11,12,星見櫓の夜食ケーキ,聖なる奇跡,"自分のペースを大切にするあなた。
旅の食卓に似合う星見櫓の夜食ケーキは、聖なる奇跡をそっと思い出させてくれる一品です！",
,11,13,ほうじ茶チーズケーキ,丁寧な積み重ね,"周りに安心感を届けるあなた。
軽やかな口どけを大切にしたほうじ茶チーズケーキは、丁寧な積み重ねをそっと思い出させてくれる一品です！",
,11,14,冬越しの蜂蜜ローフ,創造的なひらめき,"一歩ずつ形にしていくあなた。
旅の食卓に似合う冬越しの蜂蜜ローフは、創造的なひらめきをそっと思い出させてくれる一品です！",
,11,15,栗きんとんモンブラン,人を和ませる明るさ,"静かな強さを持つあなた。
華やかさと落ち着きを合わせ持つ栗きんとんモンブランは、人を和ませる明るさをそっと思い出させてくれる一品です！",
,11,16,市場町のサフランケーキ,甘美なロマンス,"まっすぐな思いを抱くあなた。
旅の食卓に似合う市場町のサフランケーキは、甘美なロマンスをそっと思い出させてくれる一品です！",
,11,17,パイナップルケーキ,冒険心,"小さな変化にも気づけるあなた。
静かな高揚感をくれるパイナップルケーキは、冒険心をそっと思い出させてくれる一品です！",
,11,18,月待ち丘のミルクケーキ,朗らかな希望,"自分のペースを大切にするあなた。
旅の食卓に似合う月待ち丘のミルクケーキは、朗らかな希望をそっと思い出させてくれる一品です！",
,11,19,太陽餅ケーキ,澄んだ感性,"周りに安心感を届けるあなた。
軽やかな口どけを大切にした太陽餅ケーキは、澄んだ感性をそっと思い出させてくれる一品です！",
,11,20,鹿番小屋のスパイスローフ,輝く才能,"一歩ずつ形にしていくあなた。
旅の食卓に似合う鹿番小屋のスパイスローフは、輝く才能をそっと思い出させてくれる一品です！",
,11,21,香港ミルクティーケーキ,聖なる奇跡,"静かな強さを持つあなた。
華やかさと落ち着きを合わせ持つ香港ミルクティーケーキは、聖なる奇跡をそっと思い出させてくれる一品です！",
,11,22,古井戸通りのカスタードタルト,丁寧な積み重ね,"まっすぐな思いを抱くあなた。
旅の食卓に似合う古井戸通りのカスタードタルトは、丁寧な積み重ねをそっと思い出させてくれる一品です！",
,11,23,エッグタルトケーキ,創造的なひらめき,"小さな変化にも気づけるあなた。
静かな高揚感をくれるエッグタルトケーキは、創造的なひらめきをそっと思い出させてくれる一品です！",
,11,24,森番の木の実ケーキ,人を和ませる明るさ,"自分のペースを大切にするあなた。
旅の食卓に似合う森番の木の実ケーキは、人を和ませる明るさをそっと思い出させてくれる一品です！",
,11,25,杏仁ムースケーキ,甘美なロマンス,"周りに安心感を届けるあなた。
軽やかな口どけを大切にした杏仁ムースケーキは、甘美なロマンスをそっと思い出させてくれる一品です！",
,11,26,湖畔宿の白チーズケーキ,冒険心,"一歩ずつ形にしていくあなた。
旅の食卓に似合う湖畔宿の白チーズケーキは、冒険心をそっと思い出させてくれる一品です！",
,11,27,胡麻団子ケーキ,朗らかな希望,"静かな強さを持つあなた。
華やかさと落ち着きを合わせ持つ胡麻団子ケーキは、朗らかな希望をそっと思い出させてくれる一品です！",
,11,28,長旅のレーズンケーキ,澄んだ感性,"まっすぐな思いを抱くあなた。
旅の食卓に似合う長旅のレーズンケーキは、澄んだ感性をそっと思い出させてくれる一品です！",
,11,29,烏龍茶ロール,輝く才能,"小さな変化にも気づけるあなた。
静かな高揚感をくれる烏龍茶ロールは、輝く才能をそっと思い出させてくれる一品です！",
,11,30,収穫祭の麦穂ケーキ,聖なる奇跡,"自分のペースを大切にするあなた。
旅の食卓に似合う収穫祭の麦穂ケーキは、聖なる奇跡をそっと思い出させてくれる一品です！",
,12,1,パンダンシフォン,太陽の祝福,"自然体で進めるあなた。
素材の個性を丁寧に重ねたパンダンシフォンは、太陽の祝福をそっと思い出させてくれる一品です！",
,12,2,クエ・ラピス,優雅な余韻,"人の気持ちを丁寧に受け取れるあなた。
見た目にも物語を感じるクエ・ラピスは、優雅な余韻をそっと思い出させてくれる一品です！",
,12,3,ラピスレギット,冴えた直感,"新しい景色を楽しめるあなた。
余韻までゆっくり楽しめるラピスレギットは、冴えた直感をそっと思い出させてくれる一品です！",
,12,4,ビカアンボン,夢を形にする力,"好きなものを深く味わえるあなた。
やさしい甘さで包み込むビカアンボンは、夢を形にする力をそっと思い出させてくれる一品です！",
,12,5,オンデオンデケーキ,春の訪れ,"明るい空気をつくれるあなた。
ひと口ごとに表情が変わるオンデオンデケーキは、春の訪れをそっと思い出させてくれる一品です！",
,12,6,ウベケーキ,温かな家庭,"ひらめきを大切にできるあなた。
記念日にそっと置きたくなるウベケーキは、温かな家庭をそっと思い出させてくれる一品です！",
,12,7,サンスリバル,軽やかな社交性,"自然体で進めるあなた。
素材の個性を丁寧に重ねたサンスリバルは、軽やかな社交性をそっと思い出させてくれる一品です！",
,12,8,マンゴーフロート,小さな幸せを見つける力,"人の気持ちを丁寧に受け取れるあなた。
見た目にも物語を感じるマンゴーフロートは、小さな幸せを見つける力をそっと思い出させてくれる一品です！",
,12,9,ビビンカケーキ,凛とした自立心,"新しい景色を楽しめるあなた。
余韻までゆっくり楽しめるビビンカケーキは、凛とした自立心をそっと思い出させてくれる一品です！",
,12,10,カラマンシータルト,太陽の祝福,"好きなものを深く味わえるあなた。
やさしい甘さで包み込むカラマンシータルトは、太陽の祝福をそっと思い出させてくれる一品です！",
,12,11,ココナッツジャムケーキ,優雅な余韻,"明るい空気をつくれるあなた。
ひと口ごとに表情が変わるココナッツジャムケーキは、優雅な余韻をそっと思い出させてくれる一品です！",
,12,12,チェンドルケーキ,冴えた直感,"ひらめきを大切にできるあなた。
記念日にそっと置きたくなるチェンドルケーキは、冴えた直感をそっと思い出させてくれる一品です！",
,12,13,ドリアンチーズケーキ,夢を形にする力,"自然体で進めるあなた。
素材の個性を丁寧に重ねたドリアンチーズケーキは、夢を形にする力をそっと思い出させてくれる一品です！",
,12,14,タロイモレイヤーケーキ,春の訪れ,"人の気持ちを丁寧に受け取れるあなた。
見た目にも物語を感じるタロイモレイヤーケーキは、春の訪れをそっと思い出させてくれる一品です！",
,12,15,メドヴィク,温かな家庭,"新しい景色を楽しめるあなた。
余韻までゆっくり楽しめるメドヴィクは、温かな家庭をそっと思い出させてくれる一品です！",
,12,16,プラハケーキ,軽やかな社交性,"好きなものを深く味わえるあなた。
やさしい甘さで包み込むプラハケーキは、軽やかな社交性をそっと思い出させてくれる一品です！",
,12,17,キエフケーキ,小さな幸せを見つける力,"明るい空気をつくれるあなた。
ひと口ごとに表情が変わるキエフケーキは、小さな幸せを見つける力をそっと思い出させてくれる一品です！",
,12,18,プチーチェ・モロコ,凛とした自立心,"ひらめきを大切にできるあなた。
記念日にそっと置きたくなるプチーチェ・モロコは、凛とした自立心をそっと思い出させてくれる一品です！",
,12,19,スパルタクケーキ,太陽の祝福,"自然体で進めるあなた。
素材の個性を丁寧に重ねたスパルタクケーキは、太陽の祝福をそっと思い出させてくれる一品です！",
,12,20,ナポレオンロシアケーキ,優雅な余韻,"人の気持ちを丁寧に受け取れるあなた。
見た目にも物語を感じるナポレオンロシアケーキは、優雅な余韻をそっと思い出させてくれる一品です！",
,12,21,スメタニク,冴えた直感,"新しい景色を楽しめるあなた。
余韻までゆっくり楽しめるスメタニクは、冴えた直感をそっと思い出させてくれる一品です！",
,12,22,ムラヴィニク,夢を形にする力,"好きなものを深く味わえるあなた。
やさしい甘さで包み込むムラヴィニクは、夢を形にする力をそっと思い出させてくれる一品です！",
,12,23,マコヴニク,春の訪れ,"明るい空気をつくれるあなた。
ひと口ごとに表情が変わるマコヴニクは、春の訪れをそっと思い出させてくれる一品です！",
,12,24,セルニク,温かな家庭,"ひらめきを大切にできるあなた。
記念日にそっと置きたくなるセルニクは、温かな家庭をそっと思い出させてくれる一品です！",
,12,25,プレチンドケーキ,軽やかな社交性,"自然体で進めるあなた。
素材の個性を丁寧に重ねたプレチンドケーキは、軽やかな社交性をそっと思い出させてくれる一品です！",
,12,26,ガラクトブレコ,小さな幸せを見つける力,"人の気持ちを丁寧に受け取れるあなた。
見た目にも物語を感じるガラクトブレコは、小さな幸せを見つける力をそっと思い出させてくれる一品です！",
,12,27,バクラヴァ,凛とした自立心,"新しい景色を楽しめるあなた。
余韻までゆっくり楽しめるバクラヴァは、凛とした自立心をそっと思い出させてくれる一品です！",
,12,28,レヴァニ,太陽の祝福,"好きなものを深く味わえるあなた。
やさしい甘さで包み込むレヴァニは、太陽の祝福をそっと思い出させてくれる一品です！",
,12,29,バスブーサ,優雅な余韻,"明るい空気をつくれるあなた。
ひと口ごとに表情が変わるバスブーサは、優雅な余韻をそっと思い出させてくれる一品です！",
,12,30,ナムーラ,冴えた直感,"ひらめきを大切にできるあなた。
記念日にそっと置きたくなるナムーラは、冴えた直感をそっと思い出させてくれる一品です！",
,12,31,クナーファケーキ,夢を形にする力,"自然体で進めるあなた。
素材の個性を丁寧に重ねたクナーファケーキは、夢を形にする力をそっと思い出させてくれる一品です！",
